Columns,InstanceNumber,Rows,SequenceName,SeriesNumber,SliceLocation,path
512,1,416,*fl3d2,51,-979.71412654221,temp/inPhase(1)/20181215_152525_Avanto/scans/51-T1_IP/resources/DICOM/files/1.2.840.113564.9.1.2843759204.47.2.5001567892-51-1-x7zcbl.dcm
512,2,416,*fl3d2,51,-974.71412654221,temp/inPhase(1)/20181215_152525_Avanto/scans/51-T1_IP/resources/DICOM/files/1.2.840.113564.9.1.2843759204.47.2.5001567892-51-2-x7zcbm.dcm
512,3,416,*fl3d2,51,-969.71412654221,temp/inPhase(1)/20181215_152525_Avanto/scans/51-T1_IP/resources/DICOM/files/1.2.840.113564.9.1.2843759204.47.2.5001567892-51-3-x7zcc8.dcm
512,4,416,*fl3d2,51,-964.71412654221,temp/inPhase(1)/20181215_152525_Avanto/scans/51-T1_IP/resources/DICOM/files/1.2.840.113564.9.1.2843759204.47.2.5001567892-51-4-x7zcc9.dcm
512,5,416,*fl3d2,51,-959.71412654221,temp/inPhase(1)/20181215_152525_Avanto/scans/51-T1_IP/resources/DICOM/files/1.2.840.113564.9.1.2843759204.47.2.5001567892-51-5-x7zcca.dcm
512,6,416,*fl3d2,51,-954.71412654221,temp/inPhase(1)/20181215_152525_Avanto/scans/51-T1_IP/resources/DICOM/files/1.2.840.113564.9.1.2843759204.47.2.5001567892-51-6-x7zccb.dcm
512,7,416,*fl3d2,51,-949.71412654221,temp/inPhase(1)/20181215_152525_Avanto/scans/51-T1_IP/resources/DICOM/files/1.2.840.113564.9.1.2843759204.47.2.5001567892-51-7-x7zccc.dcm
512,8,416,*fl3d2,51,-944.71412654221,temp/inPhase(1)/20181215_152525_Avanto/scans/51-T1_IP/resources/DICOM/files/1.2.840.113564.9.1.2843759204.47.2.5001567892-51-8-x7zccd.dcm
512,9,416,*fl3d2,51,-939.71412654221,temp/inPhase(1)/20181215_152525_Avanto/scans/51-T1_IP/resources/DICOM/files/1.2.840.113564.9.1.2843759204.47.2.5001567892-51-9-x7zcce.dcm
512,10,416,*fl3d2,51,-934.71412654221,temp/inPhase(1)/20181215_152525_Avanto/scans/51-T1_IP/resources/DICOM/files/1.2.840.113564.9.1.2843759204.47.2.5001567892-51-10-x7zccf.dcm
512,11,416,*fl3d2,51,-929.71412654221,temp/inPhase(1)/20181215_152525_Avanto/scans/51-T1_IP/resources/DICOM/files/1.2.840.113564.9.1.2843759204.47.2.5001567892-51-11-x7zccg.dcm
512,12,416,*fl3d2,51,-924.71412654221,temp/inPhase(1)/20181215_152525_Avanto/scans/51-T1_IP/resources/DICOM/files/1.2.840.113564.9.1.2843759204.47.2.5001567892-51-12-x7zcch.dcm
512,13,416,*fl3d2,51,-919.71412654221,temp/inPhase(1)/20181215_152525_Avanto/scans/51-T1_IP/resources/DICOM/files/1.2.840.113564.9.1.2843759204.47.2.5001567892-51-13-x7zcd3.dcm
512,14,416,*fl3d2,51,-914.71412654221,temp/inPhase(1)/20181215_152525_Avanto/scans/51-T1_IP/resources/DICOM/files/1.2.840.113564.9.1.2843759204.47.2.5001567892-51-14-x7zcd4.dcm
512,15,416,*fl3d2,51,-909.71412654221,temp/inPhase(1)/20181215_152525_Avanto/scans/51-T1_IP/resources/DICOM/files/1.2.840.113564.9.1.2843759204.47.2.5001567892-51-15-x7zcd5.dcm
512,16,416,*fl3d2,51,-904.71412654221,temp/inPhase(1)/20181215_152525_Avanto/scans/51-T1_IP/resources/DICOM/files/1.2.840.113564.9.1.2843759204.47.2.5001567892-51-16-x7zcd6.dcm
512,17,416,*fl3d2,51,-899.71412654221,temp/inPhase(1)/20181215_152525_Avanto/scans/51-T1_IP/resources/DICOM/files/1.2.840.113564.9.1.2843759204.47.2.5001567892-51-17-x7zcd7.dcm
512,18,416,*fl3d2,51,-894.71412654221,temp/inPhase(1)/20181215_152525_Avanto/scans/51-T1_IP/resources/DICOM/files/1.2.840.113564.9.1.2843759204.47.2.5001567892-51-18-x7zcd8.dcm
512,19,416,*fl3d2,51,-889.71412654221,temp/inPhase(1)/20181215_152525_Avanto/scans/51-T1_IP/resources/DICOM/files/1.2.840.113564.9.1.2843759204.47.2.5001567892-51-19-x7zcd9.dcm
512,20,416,*fl3d2,51,-884.71412654221,temp/inPhase(1)/20181215_152525_Avanto/scans/51-T1_IP/resources/DICOM/files/1.2.840.113564.9.1.2843759204.47.2.5001567892-51-20-x7zcda.dcm
512,21,416,*fl3d2,51,-879.71412654221,temp/inPhase(1)/20181215_152525_Avanto/scans/51-T1_IP/resources/DICOM/files/1.2.840.113564.9.1.2843759204.47.2.5001567892-51-21-x7zcdb.dcm
512,22,416,*fl3d2,51,-874.71412654221,temp/inPhase(1)/20181215_152525_Avanto/scans/51-T1_IP/resources/DICOM/files/1.2.840.113564.9.1.2843759204.47.2.5001567892-51-22-x7zcdc.dcm
512,23,416,*fl3d2,51,-869.71412654221,temp/inPhase(1)/20181215_152525_Avanto/scans/51-T1_IP/resources/DICOM/files/1.2.840.113564.9.1.2843759204.47.2.5001567892-51-23-x7zcdy.dcm
512,24,416,*fl3d2,51,-864.71412654221,temp/inPhase(1)/20181215_152525_Avanto/scans/51-T1_IP/resources/DICOM/files/1.2.840.113564.9.1.2843759204.47.2.5001567892-51-24-x7zcdz.dcm
512,25,416,*fl3d2,51,-859.71412654221,temp/inPhase(1)/20181215_152525_Avanto/scans/51-T1_IP/resources/DICOM/files/1.2.840.113564.9.1.2843759204.47.2.5001567892-51-25-x7zce0.dcm
512,26,416,*fl3d2,51,-854.71412654221,temp/inPhase(1)/20181215_152525_Avanto/scans/51-T1_IP/resources/DICOM/files/1.2.840.113564.9.1.2843759204.47.2.5001567892-51-26-x7zce1.dcm
512,27,416,*fl3d2,51,-849.71412654221,temp/inPhase(1)/20181215_152525_Avanto/scans/51-T1_IP/resources/DICOM/files/1.2.840.113564.9.1.2843759204.47.2.5001567892-51-27-x7zce2.dcm
512,28,416,*fl3d2,51,-844.71412654221,temp/inPhase(1)/20181215_152525_Avanto/scans/51-T1_IP/resources/DICOM/files/1.2.840.113564.9.1.2843759204.47.2.5001567892-51-28-x7zce3.dcm
512,29,416,*fl3d2,51,-839.71412654221,temp/inPhase(1)/20181215_152525_Avanto/scans/51-T1_IP/resources/DICOM/files/1.2.840.113564.9.1.2843759204.47.2.5001567892-51-29-x7zce4.dcm
512,30,416,*fl3d2,51,-834.71412654221,temp/inPhase(1)/20181215_152525_Avanto/scans/51-T1_IP/resources/DICOM/files/1.2.840.113564.9.1.2843759204.47.2.5001567892-51-30-x7zce5.dcm
512,31,416,*fl3d2,51,-829.71412654221,temp/inPhase(1)/20181215_152525_Avanto/scans/51-T1_IP/resources/DICOM/files/1.2.840.113564.9.1.2843759204.47.2.5001567892-51-31-x7zce6.dcm
512,32,416,*fl3d2,51,-824.71412654221,temp/inPhase(1)/20181215_152525_Avanto/scans/51-T1_IP/resources/DICOM/files/1.2.840.113564.9.1.2843759204.47.2.5001567892-51-32-x7zce7.dcm
512,33,416,*fl3d2,51,-819.71412654221,temp/inPhase(1)/20181215_152525_Avanto/scans/51-T1_IP/resources/DICOM/files/1.2.840.113564.9.1.2843759204.47.2.5001567892-51-33-x7zcet.dcm
512,34,416,*fl3d2,51,-814.71412654221,temp/inPhase(1)/20181215_152525_Avanto/scans/51-T1_IP/resources/DICOM/files/1.2.840.113564.9.1.2843759204.47.2.5001567892-51-34-x7zceu.dcm
512,35,416,*fl3d2,51,-809.71412654221,temp/inPhase(1)/20181215_152525_Avanto/scans/51-T1_IP/resources/DICOM/files/1.2.840.113564.9.1.2843759204.47.2.5001567892-51-35-x7zcev.dcm
512,36,416,*fl3d2,51,-804.71412654221,temp/inPhase(1)/20181215_152525_Avanto/scans/51-T1_IP/resources/DICOM/files/1.2.840.113564.9.1.2843759204.47.2.5001567892-51-36-x7zcew.dcm
512,37,416,*fl3d2,51,-799.71412654221,temp/inPhase(1)/20181215_152525_Avanto/scans/51-T1_IP/resources/DICOM/files/1.2.840.113564.9.1.2843759204.47.2.5001567892-51-37-x7zcex.dcm
512,38,416,*fl3d2,51,-794.71412654221,temp/inPhase(1)/20181215_152525_Avanto/scans/51-T1_IP/resources/DICOM/files/1.2.840.113564.9.1.2843759204.47.2.5001567892-51-38-x7zcey.dcm
512,39,416,*fl3d2,51,-789.71412654221,temp/inPhase(1)/20181215_152525_Avanto/scans/51-T1_IP/resources/DICOM/files/1.2.840.113564.9.1.2843759204.47.2.5001567892-51-39-x7zcez.dcm
512,40,416,*fl3d2,51,-784.71412654221,temp/inPhase(1)/20181215_152525_Avanto/scans/51-T1_IP/resources/DICOM/files/1.2.840.113564.9.1.2843759204.47.2.5001567892-51-40-x7zcf0.dcm
512,41,416,*fl3d2,51,-779.71412654221,temp/inPhase(1)/20181215_152525_Avanto/scans/51-T1_IP/resources/DICOM/files/1.2.840.113564.9.1.2843759204.47.2.5001567892-51-41-x7zcf1.dcm
512,42,416,*fl3d2,51,-774.71412654221,temp/inPhase(1)/20181215_152525_Avanto/scans/51-T1_IP/resources/DICOM/files/1.2.840.113564.9.1.2843759204.47.2.5001567892-51-42-x7zcf2.dcm
512,43,416,*fl3d2,51,-769.71412654221,temp/inPhase(1)/20181215_152525_Avanto/scans/51-T1_IP/resources/DICOM/files/1.2.840.113564.9.1.2843759204.47.2.5001567892-51-43-x7zcfo.dcm
512,44,416,*fl3d2,51,-764.71412654221,temp/inPhase(1)/20181215_152525_Avanto/scans/51-T1_IP/resources/DICOM/files/1.2.840.113564.9.1.2843759204.47.2.5001567892-51-44-x7zcfp.dcm
512,45,416,*fl3d2,51,-759.71412654221,temp/inPhase(1)/20181215_152525_Avanto/scans/51-T1_IP/resources/DICOM/files/1.2.840.113564.9.1.2843759204.47.2.5001567892-51-45-x7zcfq.dcm
512,46,416,*fl3d2,51,-754.71412654221,temp/inPhase(1)/20181215_152525_Avanto/scans/51-T1_IP/resources/DICOM/files/1.2.840.113564.9.1.2843759204.47.2.5001567892-51-46-x7zcfr.dcm
512,47,416,*fl3d2,51,-749.71412654221,temp/inPhase(1)/20181215_152525_Avanto/scans/51-T1_IP/resources/DICOM/files/1.2.840.113564.9.1.2843759204.47.2.5001567892-51-47-x7zcfs.dcm
512,48,416,*fl3d2,51,-744.71412654221,temp/inPhase(1)/20181215_152525_Avanto/scans/51-T1_IP/resources/DICOM/files/1.2.840.113564.9.1.2843759204.47.2.5001567892-51-48-x7zcft.dcm
512,49,416,*fl3d2,51,-739.71412654221,temp/inPhase(1)/20181215_152525_Avanto/scans/51-T1_IP/resources/DICOM/files/1.2.840.113564.9.1.2843759204.47.2.5001567892-51-49-x7zcfu.dcm
512,50,416,*fl3d2,51,-734.71412654221,temp/inPhase(1)/20181215_152525_Avanto/scans/51-T1_IP/resources/DICOM/files/1.2.840.113564.9.1.2843759204.47.2.5001567892-51-50-x7zcfv.dcm
512,51,416,*fl3d2,51,-729.71412654221,temp/inPhase(1)/20181215_152525_Avanto/scans/51-T1_IP/resources/DICOM/files/1.2.840.113564.9.1.2843759204.47.2.5001567892-51-51-x7zcfw.dcm
512,52,416,*fl3d2,51,-724.71412654221,temp/inPhase(1)/20181215_152525_Avanto/scans/51-T1_IP/resources/DICOM/files/1.2.840.113564.9.1.2843759204.47.2.5001567892-51-52-x7zcfx.dcm
512,53,416,*fl3d2,51,-719.71412654221,temp/inPhase(1)/20181215_152525_Avanto/scans/51-T1_IP/resources/DICOM/files/1.2.840.113564.9.1.2843759204.47.2.5001567892-51-53-x7zcgj.dcm
512,54,416,*fl3d2,51,-714.71412654221,temp/inPhase(1)/20181215_152525_Avanto/scans/51-T1_IP/resources/DICOM/files/1.2.840.113564.9.1.2843759204.47.2.5001567892-51-54-x7zcgk.dcm
512,55,416,*fl3d2,51,-709.71412654221,temp/inPhase(1)/20181215_152525_Avanto/scans/51-T1_IP/resources/DICOM/files/1.2.840.113564.9.1.2843759204.47.2.5001567892-51-55-x7zcgl.dcm
512,56,416,*fl3d2,51,-704.71412654221,temp/inPhase(1)/20181215_152525_Avanto/scans/51-T1_IP/resources/DICOM/files/1.2.840.113564.9.1.2843759204.47.2.5001567892-51-56-x7zcgm.dcm
512,57,416,*fl3d2,51,-699.71412654221,temp/inPhase(1)/20181215_152525_Avanto/scans/51-T1_IP/resources/DICOM/files/1.2.840.113564.9.1.2843759204.47.2.5001567892-51-57-x7zcgn.dcm
512,58,416,*fl3d2,51,-694.71412654221,temp/inPhase(1)/20181215_152525_Avanto/scans/51-T1_IP/resources/DICOM/files/1.2.840.113564.9.1.2843759204.47.2.5001567892-51-58-x7zcgo.dcm
512,59,416,*fl3d2,51,-689.71412654221,temp/inPhase(1)/20181215_152525_Avanto/scans/51-T1_IP/resources/DICOM/files/1.2.840.113564.9.1.2843759204.47.2.5001567892-51-59-x7zcgp.dcm
512,60,416,*fl3d2,51,-684.71412654221,temp/inPhase(1)/20181215_152525_Avanto/scans/51-T1_IP/resources/DICOM/files/1.2.840.113564.9.1.2843759204.47.2.5001567892-51-60-x7zcgq.dcm
512,61,416,*fl3d2,51,-679.71412654221,temp/inPhase(1)/20181215_152525_Avanto/scans/51-T1_IP/resources/DICOM/files/1.2.840.113564.9.1.2843759204.47.2.5001567892-51-61-x7zcgr.dcm
512,62,416,*fl3d2,51,-674.71412654221,temp/inPhase(1)/20181215_152525_Avanto/scans/51-T1_IP/resources/DICOM/files/1.2.840.113564.9.1.2843759204.47.2.5001567892-51-62-x7zcgs.dcm
512,63,416,*fl3d2,51,-669.71412654221,temp/inPhase(1)/20181215_152525_Avanto/scans/51-T1_IP/resources/DICOM/files/1.2.840.113564.9.1.2843759204.47.2.5001567892-51-63-x7zche.dcm
512,64,416,*fl3d2,51,-664.71412654221,temp/inPhase(1)/20181215_152525_Avanto/scans/51-T1_IP/resources/DICOM/files/1.2.840.113564.9.1.2843759204.47.2.5001567892-51-64-x7zchf.dcm
512,65,416,*fl3d2,51,-659.71412654221,temp/inPhase(1)/20181215_152525_Avanto/scans/51-T1_IP/resources/DICOM/files/1.2.840.113564.9.1.2843759204.47.2.5001567892-51-65-x7zchg.dcm
512,66,416,*fl3d2,51,-654.71412654221,temp/inPhase(1)/20181215_152525_Avanto/scans/51-T1_IP/resources/DICOM/files/1.2.840.113564.9.1.2843759204.47.2.5001567892-51-66-x7zchh.dcm
512,67,416,*fl3d2,51,-649.71412654221,temp/inPhase(1)/20181215_152525_Avanto/scans/51-T1_IP/resources/DICOM/files/1.2.840.113564.9.1.2843759204.47.2.5001567892-51-67-x7zchi.dcm
512,68,416,*fl3d2,51,-644.71412654221,temp/inPhase(1)/20181215_152525_Avanto/scans/51-T1_IP/resources/DICOM/files/1.2.840.113564.9.1.2843759204.47.2.5001567892-51-68-x7zchj.dcm
512,69,416,*fl3d2,51,-639.71412654221,temp/inPhase(1)/20181215_152525_Avanto/scans/51-T1_IP/resources/DICOM/files/1.2.840.113564.9.1.2843759204.47.2.5001567892-51-69-x7zchk.dcm
512,70,416,*fl3d2,51,-634.71412654221,temp/inPhase(1)/20181215_152525_Avanto/scans/51-T1_IP/resources/DICOM/files/1.2.840.113564.9.1.2843759204.47.2.5001567892-51-70-x7zchl.dcm
512,71,416,*fl3d2,51,-629.71412654221,temp/inPhase(1)/20181215_152525_Avanto/scans/51-T1_IP/resources/DICOM/files/1.2.840.113564.9.1.2843759204.47.2.5001567892-51-71-x7zchm.dcm
512,72,416,*fl3d2,51,-624.71412654221,temp/inPhase(1)/20181215_152525_Avanto/scans/51-T1_IP/resources/DICOM/files/1.2.840.113564.9.1.2843759204.47.2.5001567892-51-72-x7zchn.dcm
512,73,416,*fl3d2,51,-619.71412654221,temp/inPhase(1)/20181215_152525_Avanto/scans/51-T1_IP/resources/DICOM/files/1.2.840.113564.9.1.2843759204.47.2.5001567892-51-73-x7zci9.dcm
512,74,416,*fl3d2,51,-614.71412654221,temp/inPhase(1)/20181215_152525_Avanto/scans/51-T1_IP/resources/DICOM/files/1.2.840.113564.9.1.2843759204.47.2.5001567892-51-74-x7zcia.dcm
512,75,416,*fl3d2,51,-609.71412654221,temp/inPhase(1)/20181215_152525_Avanto/scans/51-T1_IP/resources/DICOM/files/1.2.840.113564.9.1.2843759204.47.2.5001567892-51-75-x7zcib.dcm
512,76,416,*fl3d2,51,-604.71412654221,temp/inPhase(1)/20181215_152525_Avanto/scans/51-T1_IP/resources/DICOM/files/1.2.840.113564.9.1.2843759204.47.2.5001567892-51-76-x7zcic.dcm
512,77,416,*fl3d2,51,-599.71412654221,temp/inPhase(1)/20181215_152525_Avanto/scans/51-T1_IP/resources/DICOM/files/1.2.840.113564.9.1.2843759204.47.2.5001567892-51-77-x7zcid.dcm
512,78,416,*fl3d2,51,-594.71412654221,temp/inPhase(1)/20181215_152525_Avanto/scans/51-T1_IP/resources/DICOM/files/1.2.840.113564.9.1.2843759204.47.2.5001567892-51-78-x7zcie.dcm
512,79,416,*fl3d2,51,-589.71412654221,temp/inPhase(1)/20181215_152525_Avanto/scans/51-T1_IP/resources/DICOM/files/1.2.840.113564.9.1.2843759204.47.2.5001567892-51-79-x7zcif.dcm
512,80,416,*fl3d2,51,-584.71412654221,temp/inPhase(1)/20181215_152525_Avanto/scans/51-T1_IP/resources/DICOM/files/1.2.840.113564.9.1.2843759204.47.2.5001567892-51-80-x7zcig.dcm
512,81,416,*fl3d2,51,-579.71412654221,temp/inPhase(1)/20181215_152525_Avanto/scans/51-T1_IP/resources/DICOM/files/1.2.840.113564.9.1.2843759204.47.2.5001567892-51-81-x7zcih.dcm
512,82,416,*fl3d2,51,-574.71412654221,temp/inPhase(1)/20181215_152525_Avanto/scans/51-T1_IP/resources/DICOM/files/1.2.840.113564.9.1.2843759204.47.2.5001567892-51-82-x7zcii.dcm
512,83,416,*fl3d2,51,-569.71412654221,temp/inPhase(1)/20181215_152525_Avanto/scans/51-T1_IP/resources/DICOM/files/1.2.840.113564.9.1.2843759204.47.2.5001567892-51-83-x7zcj4.dcm
512,84,416,*fl3d2,51,-564.71412654221,temp/inPhase(1)/20181215_152525_Avanto/scans/51-T1_IP/resources/DICOM/files/1.2.840.113564.9.1.2843759204.47.2.5001567892-51-84-x7zcj5.dcm
512,85,416,*fl3d2,51,-559.71412654221,temp/inPhase(1)/20181215_152525_Avanto/scans/51-T1_IP/resources/DICOM/files/1.2.840.113564.9.1.2843759204.47.2.5001567892-51-85-x7zcj6.dcm
512,86,416,*fl3d2,51,-554.71412654221,temp/inPhase(1)/20181215_152525_Avanto/scans/51-T1_IP/resources/DICOM/files/1.2.840.113564.9.1.2843759204.47.2.5001567892-51-86-x7zcj7.dcm
512,87,416,*fl3d2,51,-549.71412654221,temp/inPhase(1)/20181215_152525_Avanto/scans/51-T1_IP/resources/DICOM/files/1.2.840.113564.9.1.2843759204.47.2.5001567892-51-87-x7zcj8.dcm
512,88,416,*fl3d2,51,-544.71412654221,temp/inPhase(1)/20181215_152525_Avanto/scans/51-T1_IP/resources/DICOM/files/1.2.840.113564.9.1.2843759204.47.2.5001567892-51-88-x7zcj9.dcm
512,89,416,*fl3d2,51,-539.71412654221,temp/inPhase(1)/20181215_152525_Avanto/scans/51-T1_IP/resources/DICOM/files/1.2.840.113564.9.1.2843759204.47.2.5001567892-51-89-x7zcja.dcm
512,90,416,*fl3d2,51,-534.71412654221,temp/inPhase(1)/20181215_152525_Avanto/scans/51-T1_IP/resources/DICOM/files/1.2.840.113564.9.1.2843759204.47.2.5001567892-51-90-x7zcjb.dcm
512,91,416,*fl3d2,51,-529.71412654221,temp/inPhase(1)/20181215_152525_Avanto/scans/51-T1_IP/resources/DICOM/files/1.2.840.113564.9.1.2843759204.47.2.5001567892-51-91-x7zcjc.dcm
512,92,416,*fl3d2,51,-524.71412654221,temp/inPhase(1)/20181215_152525_Avanto/scans/51-T1_IP/resources/DICOM/files/1.2.840.113564.9.1.2843759204.47.2.5001567892-51-92-x7zcjd.dcm
512,93,416,*fl3d2,51,-519.71412654221,temp/inPhase(1)/20181215_152525_Avanto/scans/51-T1_IP/resources/DICOM/files/1.2.840.113564.9.1.2843759204.47.2.5001567892-51-93-x7zd22.dcm
512,94,416,*fl3d2,51,-514.71412654221,temp/inPhase(1)/20181215_152525_Avanto/scans/51-T1_IP/resources/DICOM/files/1.2.840.113564.9.1.2843759204.47.2.5001567892-51-94-x7zd23.dcm
512,95,416,*fl3d2,51,-509.71412654221,temp/inPhase(1)/20181215_152525_Avanto/scans/51-T1_IP/resources/DICOM/files/1.2.840.113564.9.1.2843759204.47.2.5001567892-51-95-x7zd24.dcm
512,96,416,*fl3d2,51,-504.71412654221,temp/inPhase(1)/20181215_152525_Avanto/scans/51-T1_IP/resources/DICOM/files/1.2.840.113564.9.1.2843759204.47.2.5001567892-51-96-x7zd25.dcm
512,97,416,*fl3d2,51,-499.71412654221,temp/inPhase(1)/20181215_152525_Avanto/scans/51-T1_IP/resources/DICOM/files/1.2.840.113564.9.1.2843759204.47.2.5001567892-51-97-x7zd26.dcm
512,98,416,*fl3d2,51,-494.71412654221,temp/inPhase(1)/20181215_152525_Avanto/scans/51-T1_IP/resources/DICOM/files/1.2.840.113564.9.1.2843759204.47.2.5001567892-51-98-x7zd27.dcm
512,99,416,*fl3d2,51,-489.71412654221,temp/inPhase(1)/20181215_152525_Avanto/scans/51-T1_IP/resources/DICOM/files/1.2.840.113564.9.1.2843759204.47.2.5001567892-51-99-x7zd28.dcm
512,100,416,*fl3d2,51,-484.71412654221,temp/inPhase(1)/20181215_152525_Avanto/scans/51-T1_IP/resources/DICOM/files/1.2.840.113564.9.1.2843759204.47.2.5001567892-51-100-x7zd29.dcm
512,101,416,*fl3d2,51,-479.71412654221,temp/inPhase(1)/20181215_152525_Avanto/scans/51-T1_IP/resources/DICOM/files/1.2.840.113564.9.1.2843759204.47.2.5001567892-51-101-x7zd2a.dcm
512,102,416,*fl3d2,51,-474.71412654221,temp/inPhase(1)/20181215_152525_Avanto/scans/51-T1_IP/resources/DICOM/files/1.2.840.113564.9.1.2843759204.47.2.5001567892-51-102-x7zd2b.dcm
512,103,416,*fl3d2,51,-469.71412654221,temp/inPhase(1)/20181215_152525_Avanto/scans/51-T1_IP/resources/DICOM/files/1.2.840.113564.9.1.2843759204.47.2.5001567892-51-103-x7zd2x.dcm
512,104,416,*fl3d2,51,-464.71412654221,temp/inPhase(1)/20181215_152525_Avanto/scans/51-T1_IP/resources/DICOM/files/1.2.840.113564.9.1.2843759204.47.2.5001567892-51-104-x7zd2y.dcm
512,105,416,*fl3d2,51,-459.71412654221,temp/inPhase(1)/20181215_152525_Avanto/scans/51-T1_IP/resources/DICOM/files/1.2.840.113564.9.1.2843759204.47.2.5001567892-51-105-x7zd2z.dcm
512,106,416,*fl3d2,51,-454.71412654221,temp/inPhase(1)/20181215_152525_Avanto/scans/51-T1_IP/resources/DICOM/files/1.2.840.113564.9.1.2843759204.47.2.5001567892-51-106-x7zd30.dcm
512,107,416,*fl3d2,51,-449.71412654221,temp/inPhase(1)/20181215_152525_Avanto/scans/51-T1_IP/resources/DICOM/files/1.2.840.113564.9.1.2843759204.47.2.5001567892-51-107-x7zd31.dcm
512,108,416,*fl3d2,51,-444.71412654221,temp/inPhase(1)/20181215_152525_Avanto/scans/51-T1_IP/resources/DICOM/files/1.2.840.113564.9.1.2843759204.47.2.5001567892-51-108-x7zd32.dcm
512,109,416,*fl3d2,51,-439.71412654221,temp/inPhase(1)/20181215_152525_Avanto/scans/51-T1_IP/resources/DICOM/files/1.2.840.113564.9.1.2843759204.47.2.5001567892-51-109-x7zd33.dcm
512,110,416,*fl3d2,51,-434.71412654221,temp/inPhase(1)/20181215_152525_Avanto/scans/51-T1_IP/resources/DICOM/files/1.2.840.113564.9.1.2843759204.47.2.5001567892-51-110-x7zd34.dcm
512,111,416,*fl3d2,51,-429.71412654221,temp/inPhase(1)/20181215_152525_Avanto/scans/51-T1_IP/resources/DICOM/files/1.2.840.113564.9.1.2843759204.47.2.5001567892-51-111-x7zd35.dcm
512,112,416,*fl3d2,51,-424.71412654221,temp/inPhase(1)/20181215_152525_Avanto/scans/51-T1_IP/resources/DICOM/files/1.2.840.113564.9.1.2843759204.47.2.5001567892-51-112-x7zd36.dcm
512,113,416,*fl3d2,51,-419.71412654221,temp/inPhase(1)/20181215_152525_Avanto/scans/51-T1_IP/resources/DICOM/files/1.2.840.113564.9.1.2843759204.47.2.5001567892-51-113-x7zd3s.dcm
512,114,416,*fl3d2,51,-414.71412654221,temp/inPhase(1)/20181215_152525_Avanto/scans/51-T1_IP/resources/DICOM/files/1.2.840.113564.9.1.2843759204.47.2.5001567892-51-114-x7zd3t.dcm
512,115,416,*fl3d2,51,-409.71412654221,temp/inPhase(1)/20181215_152525_Avanto/scans/51-T1_IP/resources/DICOM/files/1.2.840.113564.9.1.2843759204.47.2.5001567892-51-115-x7zd3u.dcm
512,116,416,*fl3d2,51,-404.71412654221,temp/inPhase(1)/20181215_152525_Avanto/scans/51-T1_IP/resources/DICOM/files/1.2.840.113564.9.1.2843759204.47.2.5001567892-51-116-x7zd3v.dcm
512,117,416,*fl3d2,51,-399.71412654221,temp/inPhase(1)/20181215_152525_Avanto/scans/51-T1_IP/resources/DICOM/files/1.2.840.113564.9.1.2843759204.47.2.5001567892-51-117-x7zd3w.dcm
512,118,416,*fl3d2,51,-394.71412654221,temp/inPhase(1)/20181215_152525_Avanto/scans/51-T1_IP/resources/DICOM/files/1.2.840.113564.9.1.2843759204.47.2.5001567892-51-118-x7zd3x.dcm
512,119,416,*fl3d2,51,-389.71412654221,temp/inPhase(1)/20181215_152525_Avanto/scans/51-T1_IP/resources/DICOM/files/1.2.840.113564.9.1.2843759204.47.2.5001567892-51-119-x7zd3y.dcm
512,120,416,*fl3d2,51,-384.71412654221,temp/inPhase(1)/20181215_152525_Avanto/scans/51-T1_IP/resources/DICOM/files/1.2.840.113564.9.1.2843759204.47.2.5001567892-51-120-x7zd3z.dcm
512,121,416,*fl3d2,51,-379.71412654221,temp/inPhase(1)/20181215_152525_Avanto/scans/51-T1_IP/resources/DICOM/files/1.2.840.113564.9.1.2843759204.47.2.5001567892-51-121-x7zd40.dcm
512,122,416,*fl3d2,51,-374.71412654221,temp/inPhase(1)/20181215_152525_Avanto/scans/51-T1_IP/resources/DICOM/files/1.2.840.113564.9.1.2843759204.47.2.5001567892-51-122-x7zd41.dcm
512,123,416,*fl3d2,51,-369.71412654221,temp/inPhase(1)/20181215_152525_Avanto/scans/51-T1_IP/resources/DICOM/files/1.2.840.113564.9.1.2843759204.47.2.5001567892-51-123-x7zd4n.dcm
512,124,416,*fl3d2,51,-364.71412654221,temp/inPhase(1)/20181215_152525_Avanto/scans/51-T1_IP/resources/DICOM/files/1.2.840.113564.9.1.2843759204.47.2.5001567892-51-124-x7zd4o.dcm
512,125,416,*fl3d2,51,-359.71412654221,temp/inPhase(1)/20181215_152525_Avanto/scans/51-T1_IP/resources/DICOM/files/1.2.840.113564.9.1.2843759204.47.2.5001567892-51-125-x7zd4p.dcm
512,126,416,*fl3d2,51,-354.71412654221,temp/inPhase(1)/20181215_152525_Avanto/scans/51-T1_IP/resources/DICOM/files/1.2.840.113564.9.1.2843759204.47.2.5001567892-51-126-x7zd4q.dcm
512,127,416,*fl3d2,51,-349.71412654221,temp/inPhase(1)/20181215_152525_Avanto/scans/51-T1_IP/resources/DICOM/files/1.2.840.113564.9.1.2843759204.47.2.5001567892-51-127-x7zd4r.dcm
512,128,416,*fl3d2,51,-344.71412654221,temp/inPhase(1)/20181215_152525_Avanto/scans/51-T1_IP/resources/DICOM/files/1.2.840.113564.9.1.2843759204.47.2.5001567892-51-128-x7zd4s.dcm
512,129,416,*fl3d2,51,-339.71412654221,temp/inPhase(1)/20181215_152525_Avanto/scans/51-T1_IP/resources/DICOM/files/1.2.840.113564.9.1.2843759204.47.2.5001567892-51-129-x7zd4t.dcm
512,130,416,*fl3d2,51,-334.71412654221,temp/inPhase(1)/20181215_152525_Avanto/scans/51-T1_IP/resources/DICOM/files/1.2.840.113564.9.1.2843759204.47.2.5001567892-51-130-x7zd4u.dcm
512,131,416,*fl3d2,51,-329.71412654221,temp/inPhase(1)/20181215_152525_Avanto/scans/51-T1_IP/resources/DICOM/files/1.2.840.113564.9.1.2843759204.47.2.5001567892-51-131-x7zd4v.dcm
512,132,416,*fl3d2,51,-324.71412654221,temp/inPhase(1)/20181215_152525_Avanto/scans/51-T1_IP/resources/DICOM/files/1.2.840.113564.9.1.2843759204.47.2.5001567892-51-132-x7zd4w.dcm
512,133,416,*fl3d2,51,-319.71412654221,temp/inPhase(1)/20181215_152525_Avanto/scans/51-T1_IP/resources/DICOM/files/1.2.840.113564.9.1.2843759204.47.2.5001567892-51-133-x7zd5i.dcm
512,134,416,*fl3d2,51,-314.71412654221,temp/inPhase(1)/20181215_152525_Avanto/scans/51-T1_IP/resources/DICOM/files/1.2.840.113564.9.1.2843759204.47.2.5001567892-51-134-x7zd5j.dcm
512,135,416,*fl3d2,51,-309.71412654221,temp/inPhase(1)/20181215_152525_Avanto/scans/51-T1_IP/resources/DICOM/files/1.2.840.113564.9.1.2843759204.47.2.5001567892-51-135-x7zd5k.dcm
512,136,416,*fl3d2,51,-304.71412654221,temp/inPhase(1)/20181215_152525_Avanto/scans/51-T1_IP/resources/DICOM/files/1.2.840.113564.9.1.2843759204.47.2.5001567892-51-136-x7zd5l.dcm
512,137,416,*fl3d2,51,-299.71412654221,temp/inPhase(1)/20181215_152525_Avanto/scans/51-T1_IP/resources/DICOM/files/1.2.840.113564.9.1.2843759204.47.2.5001567892-51-137-x7zd5m.dcm
512,138,416,*fl3d2,51,-294.71412654221,temp/inPhase(1)/20181215_152525_Avanto/scans/51-T1_IP/resources/DICOM/files/1.2.840.113564.9.1.2843759204.47.2.5001567892-51-138-x7zd5n.dcm
512,139,416,*fl3d2,51,-289.71412654221,temp/inPhase(1)/20181215_152525_Avanto/scans/51-T1_IP/resources/DICOM/files/1.2.840.113564.9.1.2843759204.47.2.5001567892-51-139-x7zd5o.dcm
512,140,416,*fl3d2,51,-284.71412654221,temp/inPhase(1)/20181215_152525_Avanto/scans/51-T1_IP/resources/DICOM/files/1.2.840.113564.9.1.2843759204.47.2.5001567892-51-140-x7zd5p.dcm
512,141,416,*fl3d2,51,-279.71412654221,temp/inPhase(1)/20181215_152525_Avanto/scans/51-T1_IP/resources/DICOM/files/1.2.840.113564.9.1.2843759204.47.2.5001567892-51-141-x7zd5q.dcm
512,142,416,*fl3d2,51,-274.71412654221,temp/inPhase(1)/20181215_152525_Avanto/scans/51-T1_IP/resources/DICOM/files/1.2.840.113564.9.1.2843759204.47.2.5001567892-51-142-x7zd5r.dcm
512,143,416,*fl3d2,51,-269.71412654221,temp/inPhase(1)/20181215_152525_Avanto/scans/51-T1_IP/resources/DICOM/files/1.2.840.113564.9.1.2843759204.47.2.5001567892-51-143-x7zd6d.dcm
512,144,416,*fl3d2,51,-264.71412654221,temp/inPhase(1)/20181215_152525_Avanto/scans/51-T1_IP/resources/DICOM/files/1.2.840.113564.9.1.2843759204.47.2.5001567892-51-144-x7zd6e.dcm
512,145,416,*fl3d2,51,-259.71412654221,temp/inPhase(1)/20181215_152525_Avanto/scans/51-T1_IP/resources/DICOM/files/1.2.840.113564.9.1.2843759204.47.2.5001567892-51-145-x7zd6f.dcm
512,146,416,*fl3d2,51,-254.71412654221,temp/inPhase(1)/20181215_152525_Avanto/scans/51-T1_IP/resources/DICOM/files/1.2.840.113564.9.1.2843759204.47.2.5001567892-51-146-x7zd6g.dcm
512,147,416,*fl3d2,51,-249.71412654221,temp/inPhase(1)/20181215_152525_Avanto/scans/51-T1_IP/resources/DICOM/files/1.2.840.113564.9.1.2843759204.47.2.5001567892-51-147-x7zd6h.dcm
512,148,416,*fl3d2,51,-244.71412654221,temp/inPhase(1)/20181215_152525_Avanto/scans/51-T1_IP/resources/DICOM/files/1.2.840.113564.9.1.2843759204.47.2.5001567892-51-148-x7zd6i.dcm
512,149,416,*fl3d2,51,-239.71412654221,temp/inPhase(1)/20181215_152525_Avanto/scans/51-T1_IP/resources/DICOM/files/1.2.840.113564.9.1.2843759204.47.2.5001567892-51-149-x7zd6j.dcm
512,150,416,*fl3d2,51,-234.71412654221,temp/inPhase(1)/20181215_152525_Avanto/scans/51-T1_IP/resources/DICOM/files/1.2.840.113564.9.1.2843759204.47.2.5001567892-51-150-x7zd6k.dcm
512,151,416,*fl3d2,51,-229.71412654221,temp/inPhase(1)/20181215_152525_Avanto/scans/51-T1_IP/resources/DICOM/files/1.2.840.113564.9.1.2843759204.47.2.5001567892-51-151-x7zd6l.dcm
512,152,416,*fl3d2,51,-224.71412654221,temp/inPhase(1)/20181215_152525_Avanto/scans/51-T1_IP/resources/DICOM/files/1.2.840.113564.9.1.2843759204.47.2.5001567892-51-152-x7zd6m.dcm
512,153,416,*fl3d2,51,-219.71412654221,temp/inPhase(1)/20181215_152525_Avanto/scans/51-T1_IP/resources/DICOM/files/1.2.840.113564.9.1.2843759204.47.2.5001567892-51-153-x7zd78.dcm
512,154,416,*fl3d2,51,-214.71412654221,temp/inPhase(1)/20181215_152525_Avanto/scans/51-T1_IP/resources/DICOM/files/1.2.840.113564.9.1.2843759204.47.2.5001567892-51-154-x7zd79.dcm
512,155,416,*fl3d2,51,-209.71412654221,temp/inPhase(1)/20181215_152525_Avanto/scans/51-T1_IP/resources/DICOM/files/1.2.840.113564.9.1.2843759204.47.2.5001567892-51-155-x7zd7a.dcm
512,156,416,*fl3d2,51,-204.71412654221,temp/inPhase(1)/20181215_152525_Avanto/scans/51-T1_IP/resources/DICOM/files/1.2.840.113564.9.1.2843759204.47.2.5001567892-51-156-x7zd7b.dcm
512,157,416,*fl3d2,51,-199.71412654221,temp/inPhase(1)/20181215_152525_Avanto/scans/51-T1_IP/resources/DICOM/files/1.2.840.113564.9.1.2843759204.47.2.5001567892-51-157-x7zd7c.dcm
512,158,416,*fl3d2,51,-194.71412654221,temp/inPhase(1)/20181215_152525_Avanto/scans/51-T1_IP/resources/DICOM/files/1.2.840.113564.9.1.2843759204.47.2.5001567892-51-158-x7zd7d.dcm
512,159,416,*fl3d2,51,-189.71412654221,temp/inPhase(1)/20181215_152525_Avanto/scans/51-T1_IP/resources/DICOM/files/1.2.840.113564.9.1.2843759204.47.2.5001567892-51-159-x7zd7e.dcm
512,160,416,*fl3d2,51,-184.71412654221,temp/inPhase(1)/20181215_152525_Avanto/scans/51-T1_IP/resources/DICOM/files/1.2.840.113564.9.1.2843759204.47.2.5001567892-51-160-x7zd7f.dcm
512,161,416,*fl3d2,51,-179.71412654221,temp/inPhase(1)/20181215_152525_Avanto/scans/51-T1_IP/resources/DICOM/files/1.2.840.113564.9.1.2843759204.47.2.5001567892-51-161-x7zd7g.dcm
512,162,416,*fl3d2,51,-174.71412654221,temp/inPhase(1)/20181215_152525_Avanto/scans/51-T1_IP/resources/DICOM/files/1.2.840.113564.9.1.2843759204.47.2.5001567892-51-162-x7zd7h.dcm
512,163,416,*fl3d2,51,-169.71412654221,temp/inPhase(1)/20181215_152525_Avanto/scans/51-T1_IP/resources/DICOM/files/1.2.840.113564.9.1.2843759204.47.2.5001567892-51-163-x7zd83.dcm
512,164,416,*fl3d2,51,-164.71412654221,temp/inPhase(1)/20181215_152525_Avanto/scans/51-T1_IP/resources/DICOM/files/1.2.840.113564.9.1.2843759204.47.2.5001567892-51-164-x7zd84.dcm
512,165,416,*fl3d2,51,-159.71412654221,temp/inPhase(1)/20181215_152525_Avanto/scans/51-T1_IP/resources/DICOM/files/1.2.840.113564.9.1.2843759204.47.2.5001567892-51-165-x7zd85.dcm
512,166,416,*fl3d2,51,-154.71412654221,temp/inPhase(1)/20181215_152525_Avanto/scans/51-T1_IP/resources/DICOM/files/1.2.840.113564.9.1.2843759204.47.2.5001567892-51-166-x7zd86.dcm
512,167,416,*fl3d2,51,-149.71412654221,temp/inPhase(1)/20181215_152525_Avanto/scans/51-T1_IP/resources/DICOM/files/1.2.840.113564.9.1.2843759204.47.2.5001567892-51-167-x7zd87.dcm
512,168,416,*fl3d2,51,-144.71412654221,temp/inPhase(1)/20181215_152525_Avanto/scans/51-T1_IP/resources/DICOM/files/1.2.840.113564.9.1.2843759204.47.2.5001567892-51-168-x7zd88.dcm
512,169,416,*fl3d2,51,-139.71412654221,temp/inPhase(1)/20181215_152525_Avanto/scans/51-T1_IP/resources/DICOM/files/1.2.840.113564.9.1.2843759204.47.2.5001567892-51-169-x7zd89.dcm
512,170,416,*fl3d2,51,-134.71412654221,temp/inPhase(1)/20181215_152525_Avanto/scans/51-T1_IP/resources/DICOM/files/1.2.840.113564.9.1.2843759204.47.2.5001567892-51-170-x7zd8a.dcm
512,171,416,*fl3d2,51,-129.71412654221,temp/inPhase(1)/20181215_152525_Avanto/scans/51-T1_IP/resources/DICOM/files/1.2.840.113564.9.1.2843759204.47.2.5001567892-51-171-x7zd8b.dcm
512,172,416,*fl3d2,51,-124.71412654221,temp/inPhase(1)/20181215_152525_Avanto/scans/51-T1_IP/resources/DICOM/files/1.2.840.113564.9.1.2843759204.47.2.5001567892-51-172-x7zd8c.dcm
512,173,416,*fl3d2,51,-119.71412654221,temp/inPhase(1)/20181215_152525_Avanto/scans/51-T1_IP/resources/DICOM/files/1.2.840.113564.9.1.2843759204.47.2.5001567892-51-173-x7zd8y.dcm
512,174,416,*fl3d2,51,-114.71412654221,temp/inPhase(1)/20181215_152525_Avanto/scans/51-T1_IP/resources/DICOM/files/1.2.840.113564.9.1.2843759204.47.2.5001567892-51-174-x7zd8z.dcm
512,175,416,*fl3d2,51,-109.71412654221,temp/inPhase(1)/20181215_152525_Avanto/scans/51-T1_IP/resources/DICOM/files/1.2.840.113564.9.1.2843759204.47.2.5001567892-51-175-x7zd90.dcm
512,176,416,*fl3d2,51,-104.71412654221,temp/inPhase(1)/20181215_152525_Avanto/scans/51-T1_IP/resources/DICOM/files/1.2.840.113564.9.1.2843759204.47.2.5001567892-51-176-x7zd91.dcm
512,177,416,*fl3d2,51,-99.714126542211,temp/inPhase(1)/20181215_152525_Avanto/scans/51-T1_IP/resources/DICOM/files/1.2.840.113564.9.1.2843759204.47.2.5001567892-51-177-x7zd92.dcm
512,178,416,*fl3d2,51,-94.714126542211,temp/inPhase(1)/20181215_152525_Avanto/scans/51-T1_IP/resources/DICOM/files/1.2.840.113564.9.1.2843759204.47.2.5001567892-51-178-x7zd93.dcm
512,179,416,*fl3d2,51,-89.714126542211,temp/inPhase(1)/20181215_152525_Avanto/scans/51-T1_IP/resources/DICOM/files/1.2.840.113564.9.1.2843759204.47.2.5001567892-51-179-x7zd94.dcm
512,180,416,*fl3d2,51,-84.714126542211,temp/inPhase(1)/20181215_152525_Avanto/scans/51-T1_IP/resources/DICOM/files/1.2.840.113564.9.1.2843759204.47.2.5001567892-51-180-x7zd95.dcm
512,181,416,*fl3d2,51,-79.714126542211,temp/inPhase(1)/20181215_152525_Avanto/scans/51-T1_IP/resources/DICOM/files/1.2.840.113564.9.1.2843759204.47.2.5001567892-51-181-x7zd96.dcm
512,182,416,*fl3d2,51,-74.714126542211,temp/inPhase(1)/20181215_152525_Avanto/scans/51-T1_IP/resources/DICOM/files/1.2.840.113564.9.1.2843759204.47.2.5001567892-51-182-x7zd97.dcm
512,183,416,*fl3d2,51,-69.714126542211,temp/inPhase(1)/20181215_152525_Avanto/scans/51-T1_IP/resources/DICOM/files/1.2.840.113564.9.1.2843759204.47.2.5001567892-51-183-x7zd9t.dcm
512,184,416,*fl3d2,51,-64.714126542211,temp/inPhase(1)/20181215_152525_Avanto/scans/51-T1_IP/resources/DICOM/files/1.2.840.113564.9.1.2843759204.47.2.5001567892-51-184-x7zd9u.dcm
512,185,416,*fl3d2,51,-59.714126542211,temp/inPhase(1)/20181215_152525_Avanto/scans/51-T1_IP/resources/DICOM/files/1.2.840.113564.9.1.2843759204.47.2.5001567892-51-185-x7zd9v.dcm
512,186,416,*fl3d2,51,-54.714126542211,temp/inPhase(1)/20181215_152525_Avanto/scans/51-T1_IP/resources/DICOM/files/1.2.840.113564.9.1.2843759204.47.2.5001567892-51-186-x7zd9w.dcm
512,187,416,*fl3d2,51,-49.714126542211,temp/inPhase(1)/20181215_152525_Avanto/scans/51-T1_IP/resources/DICOM/files/1.2.840.113564.9.1.2843759204.47.2.5001567892-51-187-x7zd9x.dcm
512,188,416,*fl3d2,51,-44.714126542211,temp/inPhase(1)/20181215_152525_Avanto/scans/51-T1_IP/resources/DICOM/files/1.2.840.113564.9.1.2843759204.47.2.5001567892-51-188-x7zd9y.dcm
512,189,416,*fl3d2,51,-39.714126542211,temp/inPhase(1)/20181215_152525_Avanto/scans/51-T1_IP/resources/DICOM/files/1.2.840.113564.9.1.2843759204.47.2.5001567892-51-189-x7zd9z.dcm
512,190,416,*fl3d2,51,-34.714126542211,temp/inPhase(1)/20181215_152525_Avanto/scans/51-T1_IP/resources/DICOM/files/1.2.840.113564.9.1.2843759204.47.2.5001567892-51-190-x7zda0.dcm
512,191,416,*fl3d2,51,-29.714126542211,temp/inPhase(1)/20181215_152525_Avanto/scans/51-T1_IP/resources/DICOM/files/1.2.840.113564.9.1.2843759204.47.2.5001567892-51-191-x7zda1.dcm
512,192,416,*fl3d2,51,-24.714126542211,temp/inPhase(1)/20181215_152525_Avanto/scans/51-T1_IP/resources/DICOM/files/1.2.840.113564.9.1.2843759204.47.2.5001567892-51-192-x7zda2.dcm
512,193,416,*fl3d2,51,-19.714126542211,temp/inPhase(1)/20181215_152525_Avanto/scans/51-T1_IP/resources/DICOM/files/1.2.840.113564.9.1.2843759204.47.2.5001567892-51-193-x7zdsr.dcm
512,194,416,*fl3d2,51,-14.714126542211,temp/inPhase(1)/20181215_152525_Avanto/scans/51-T1_IP/resources/DICOM/files/1.2.840.113564.9.1.2843759204.47.2.5001567892-51-194-x7zdss.dcm
512,195,416,*fl3d2,51,-9.7141265422106,temp/inPhase(1)/20181215_152525_Avanto/scans/51-T1_IP/resources/DICOM/files/1.2.840.113564.9.1.2843759204.47.2.5001567892-51-195-x7zdst.dcm
512,196,416,*fl3d2,51,-4.7141265422106,temp/inPhase(1)/20181215_152525_Avanto/scans/51-T1_IP/resources/DICOM/files/1.2.840.113564.9.1.2843759204.47.2.5001567892-51-196-x7zdsu.dcm
512,197,416,*fl3d2,51,0.28587345778942,temp/inPhase(1)/20181215_152525_Avanto/scans/51-T1_IP/resources/DICOM/files/1.2.840.113564.9.1.2843759204.47.2.5001567892-51-197-x7zdsv.dcm
512,198,416,*fl3d2,51,5.2858734577894,temp/inPhase(1)/20181215_152525_Avanto/scans/51-T1_IP/resources/DICOM/files/1.2.840.113564.9.1.2843759204.47.2.5001567892-51-198-x7zdsw.dcm
512,199,416,*fl3d2,51,10.285873457789,temp/inPhase(1)/20181215_152525_Avanto/scans/51-T1_IP/resources/DICOM/files/1.2.840.113564.9.1.2843759204.47.2.5001567892-51-199-x7zdsx.dcm
512,200,416,*fl3d2,51,15.285873457789,temp/inPhase(1)/20181215_152525_Avanto/scans/51-T1_IP/resources/DICOM/files/1.2.840.113564.9.1.2843759204.47.2.5001567892-51-200-x7zdsy.dcm
512,201,416,*fl3d2,51,20.285873457789,temp/inPhase(1)/20181215_152525_Avanto/scans/51-T1_IP/resources/DICOM/files/1.2.840.113564.9.1.2843759204.47.2.5001567892-51-201-x7zdsz.dcm
512,202,416,*fl3d2,51,25.285873457789,temp/inPhase(1)/20181215_152525_Avanto/scans/51-T1_IP/resources/DICOM/files/1.2.840.113564.9.1.2843759204.47.2.5001567892-51-202-x7zdt0.dcm
512,203,416,*fl3d2,51,30.285873457789,temp/inPhase(1)/20181215_152525_Avanto/scans/51-T1_IP/resources/DICOM/files/1.2.840.113564.9.1.2843759204.47.2.5001567892-51-203-x7zdtm.dcm
512,204,416,*fl3d2,51,35.285873457789,temp/inPhase(1)/20181215_152525_Avanto/scans/51-T1_IP/resources/DICOM/files/1.2.840.113564.9.1.2843759204.47.2.5001567892-51-204-x7zdtn.dcm
512,205,416,*fl3d2,51,40.285873457789,temp/inPhase(1)/20181215_152525_Avanto/scans/51-T1_IP/resources/DICOM/files/1.2.840.113564.9.1.2843759204.47.2.5001567892-51-205-x7zdto.dcm
512,206,416,*fl3d2,51,45.285873457789,temp/inPhase(1)/20181215_152525_Avanto/scans/51-T1_IP/resources/DICOM/files/1.2.840.113564.9.1.2843759204.47.2.5001567892-51-206-x7zdtp.dcm
512,207,416,*fl3d2,51,50.285873457789,temp/inPhase(1)/20181215_152525_Avanto/scans/51-T1_IP/resources/DICOM/files/1.2.840.113564.9.1.2843759204.47.2.5001567892-51-207-x7zdtq.dcm
512,208,416,*fl3d2,51,55.285873457789,temp/inPhase(1)/20181215_152525_Avanto/scans/51-T1_IP/resources/DICOM/files/1.2.840.113564.9.1.2843759204.47.2.5001567892-51-208-x7zdtr.dcm
512,209,416,*fl3d2,51,60.285873457789,temp/inPhase(1)/20181215_152525_Avanto/scans/51-T1_IP/resources/DICOM/files/1.2.840.113564.9.1.2843759204.47.2.5001567892-51-209-x7zdts.dcm
512,210,416,*fl3d2,51,65.285873457789,temp/inPhase(1)/20181215_152525_Avanto/scans/51-T1_IP/resources/DICOM/files/1.2.840.113564.9.1.2843759204.47.2.5001567892-51-210-x7zdtt.dcm
512,211,416,*fl3d2,51,70.285873457789,temp/inPhase(1)/20181215_152525_Avanto/scans/51-T1_IP/resources/DICOM/files/1.2.840.113564.9.1.2843759204.47.2.5001567892-51-211-x7zdtu.dcm
512,212,416,*fl3d2,51,75.285873457789,temp/inPhase(1)/20181215_152525_Avanto/scans/51-T1_IP/resources/DICOM/files/1.2.840.113564.9.1.2843759204.47.2.5001567892-51-212-x7zdtv.dcm
512,213,416,*fl3d2,51,80.285873457789,temp/inPhase(1)/20181215_152525_Avanto/scans/51-T1_IP/resources/DICOM/files/1.2.840.113564.9.1.2843759204.47.2.5001567892-51-213-x7zduh.dcm
512,214,416,*fl3d2,51,85.285873457789,temp/inPhase(1)/20181215_152525_Avanto/scans/51-T1_IP/resources/DICOM/files/1.2.840.113564.9.1.2843759204.47.2.5001567892-51-214-x7zdui.dcm
512,215,416,*fl3d2,51,90.285873457789,temp/inPhase(1)/20181215_152525_Avanto/scans/51-T1_IP/resources/DICOM/files/1.2.840.113564.9.1.2843759204.47.2.5001567892-51-215-x7zduj.dcm
512,216,416,*fl3d2,51,95.285873457789,temp/inPhase(1)/20181215_152525_Avanto/scans/51-T1_IP/resources/DICOM/files/1.2.840.113564.9.1.2843759204.47.2.5001567892-51-216-x7zduk.dcm
512,217,416,*fl3d2,51,100.28587345779,temp/inPhase(1)/20181215_152525_Avanto/scans/51-T1_IP/resources/DICOM/files/1.2.840.113564.9.1.2843759204.47.2.5001567892-51-217-x7zdul.dcm
512,218,416,*fl3d2,51,105.28587345779,temp/inPhase(1)/20181215_152525_Avanto/scans/51-T1_IP/resources/DICOM/files/1.2.840.113564.9.1.2843759204.47.2.5001567892-51-218-x7zdum.dcm
512,219,416,*fl3d2,51,110.28587345779,temp/inPhase(1)/20181215_152525_Avanto/scans/51-T1_IP/resources/DICOM/files/1.2.840.113564.9.1.2843759204.47.2.5001567892-51-219-x7zdun.dcm
512,220,416,*fl3d2,51,115.28587345779,temp/inPhase(1)/20181215_152525_Avanto/scans/51-T1_IP/resources/DICOM/files/1.2.840.113564.9.1.2843759204.47.2.5001567892-51-220-x7zduo.dcm
512,221,416,*fl3d2,51,120.28587345779,temp/inPhase(1)/20181215_152525_Avanto/scans/51-T1_IP/resources/DICOM/files/1.2.840.113564.9.1.2843759204.47.2.5001567892-51-221-x7zdup.dcm
512,222,416,*fl3d2,51,125.28587345779,temp/inPhase(1)/20181215_152525_Avanto/scans/51-T1_IP/resources/DICOM/files/1.2.840.113564.9.1.2843759204.47.2.5001567892-51-222-x7zduq.dcm
512,223,416,*fl3d2,51,130.28587345779,temp/inPhase(1)/20181215_152525_Avanto/scans/51-T1_IP/resources/DICOM/files/1.2.840.113564.9.1.2843759204.47.2.5001567892-51-223-x7zdvc.dcm
512,224,416,*fl3d2,51,135.28587345779,temp/inPhase(1)/20181215_152525_Avanto/scans/51-T1_IP/resources/DICOM/files/1.2.840.113564.9.1.2843759204.47.2.5001567892-51-224-x7zdvd.dcm
512,225,416,*fl3d2,51,140.28587345779,temp/inPhase(1)/20181215_152525_Avanto/scans/51-T1_IP/resources/DICOM/files/1.2.840.113564.9.1.2843759204.47.2.5001567892-51-225-x7zdve.dcm
512,226,416,*fl3d2,51,145.28587345779,temp/inPhase(1)/20181215_152525_Avanto/scans/51-T1_IP/resources/DICOM/files/1.2.840.113564.9.1.2843759204.47.2.5001567892-51-226-x7zdvf.dcm
512,227,416,*fl3d2,51,150.28587345779,temp/inPhase(1)/20181215_152525_Avanto/scans/51-T1_IP/resources/DICOM/files/1.2.840.113564.9.1.2843759204.47.2.5001567892-51-227-x7zdvg.dcm
512,228,416,*fl3d2,51,155.28587345779,temp/inPhase(1)/20181215_152525_Avanto/scans/51-T1_IP/resources/DICOM/files/1.2.840.113564.9.1.2843759204.47.2.5001567892-51-228-x7zdvh.dcm
512,229,416,*fl3d2,51,160.28587345779,temp/inPhase(1)/20181215_152525_Avanto/scans/51-T1_IP/resources/DICOM/files/1.2.840.113564.9.1.2843759204.47.2.5001567892-51-229-x7zdvi.dcm
512,230,416,*fl3d2,51,165.28587345779,temp/inPhase(1)/20181215_152525_Avanto/scans/51-T1_IP/resources/DICOM/files/1.2.840.113564.9.1.2843759204.47.2.5001567892-51-230-x7zdvj.dcm
512,231,416,*fl3d2,51,170.28587345779,temp/inPhase(1)/20181215_152525_Avanto/scans/51-T1_IP/resources/DICOM/files/1.2.840.113564.9.1.2843759204.47.2.5001567892-51-231-x7zdvk.dcm
512,232,416,*fl3d2,51,175.28587345779,temp/inPhase(1)/20181215_152525_Avanto/scans/51-T1_IP/resources/DICOM/files/1.2.840.113564.9.1.2843759204.47.2.5001567892-51-232-x7zdvl.dcm
512,233,416,*fl3d2,51,180.28587345779,temp/inPhase(1)/20181215_152525_Avanto/scans/51-T1_IP/resources/DICOM/files/1.2.840.113564.9.1.2843759204.47.2.5001567892-51-233-x7zdw7.dcm
512,234,416,*fl3d2,51,185.28587345779,temp/inPhase(1)/20181215_152525_Avanto/scans/51-T1_IP/resources/DICOM/files/1.2.840.113564.9.1.2843759204.47.2.5001567892-51-234-x7zdw8.dcm
512,235,416,*fl3d2,51,190.28587345779,temp/inPhase(1)/20181215_152525_Avanto/scans/51-T1_IP/resources/DICOM/files/1.2.840.113564.9.1.2843759204.47.2.5001567892-51-235-x7zdw9.dcm
512,236,416,*fl3d2,51,195.28587345779,temp/inPhase(1)/20181215_152525_Avanto/scans/51-T1_IP/resources/DICOM/files/1.2.840.113564.9.1.2843759204.47.2.5001567892-51-236-x7zdwa.dcm
512,237,416,*fl3d2,51,200.28587345779,temp/inPhase(1)/20181215_152525_Avanto/scans/51-T1_IP/resources/DICOM/files/1.2.840.113564.9.1.2843759204.47.2.5001567892-51-237-x7zdwb.dcm
512,238,416,*fl3d2,51,205.28587345779,temp/inPhase(1)/20181215_152525_Avanto/scans/51-T1_IP/resources/DICOM/files/1.2.840.113564.9.1.2843759204.47.2.5001567892-51-238-x7zdwc.dcm
512,239,416,*fl3d2,51,210.28587345779,temp/inPhase(1)/20181215_152525_Avanto/scans/51-T1_IP/resources/DICOM/files/1.2.840.113564.9.1.2843759204.47.2.5001567892-51-239-x7zdwd.dcm
512,240,416,*fl3d2,51,215.28587345779,temp/inPhase(1)/20181215_152525_Avanto/scans/51-T1_IP/resources/DICOM/files/1.2.840.113564.9.1.2843759204.47.2.5001567892-51-240-x7zdwe.dcm
